ae,crossover_type,crossover_probability,mutation_probability,hv_min,hv_mean,hv_max,hv_sd
2,column,0.3,0.01,215905.97328808362,241350.4813313912,266532.15038975707,12504.879342609674
